<?xml version='1.0'?>
<!DOCTYPE connection PUBLIC '-//NetBeans//DTD Database Connection 1.2//EN' 'http://www.netbeans.org/dtds/connection-1_2.dtd'>
<connection>
  <driver-class value='com.microsoft.sqlserver.jdbc.SQLServerDriver'/>
  <driver-name value='Microsoft SQL Server 2005'/>
  <database-url value='jdbc:sqlserver://cpp.database.windows.net\Cleveland:1433;databaseName=CPP_DATA5_Replica'/>
  <schema value='db_accessadmin'/>
  <user value='cppazadmin'/>
  <connection-property>
    <name>TrustServerCertificate</name>
    <value>False</value>
  </connection-property>
  <connection-property>
    <name>MultipleActiveResultSets</name>
    <value>False</value>
  </connection-property>
  <connection-property>
    <name>Encrypt</name>
    <value>False</value>
  </connection-property>
  <use-scrollable-cursors value='false'/>
</connection>
