<?xml version="1.0" encoding="UTF-8" standalone="yes"?><history><sql date="1533142714092" url="jdbc:sqlserver://cpp.database.windows.net\Cleveland:1433;databaseName=CPP_DATA5_Replica">CREATE DATABASE 'CPP_APP'</sql><sql date="1536789375748" url="jdbc:sqlserver://cpp.database.windows.net\Cleveland:1433;databaseName=CPP_DATA5_Replica">SELECT TOP 100 * FROM dbo."T-DRIVER"</sql><sql date="1536947962882" url="jdbc:sqlserver://cpp.database.windows.net\Cleveland:1433;databaseName=CPP_DATA5_Replica">SELECT TOP 100 * FROM dbo."T-STATUS"</sql><sql date="1538170854086" url="jdbc:sqlserver://cpp.database.windows.net\Cleveland:1433;databaseName=CPP_DATA5_Replica">SELECT TOP 200 * FROM dbo."T-STATE TAX"</sql><sql date="1537204251809" url="jdbc:sqlserver://cpp.database.windows.net\Cleveland:1433;databaseName=CPP_DATA5_Replica">SELECT TOP 200 * FROM dbo."T-CODES"</sql><sql date="1537197311247" url="jdbc:sqlserver://cpp.database.windows.net\Cleveland:1433;databaseName=CPP_DATA5_Replica">SELECT TOP 200 * FROM dbo."T-HISTORY JOURNAL"</sql><sql date="1537381901300" url="jdbc:sqlserver://cpp.database.windows.net\Cleveland:1433;databaseName=CPP_DATA5_Replica">SELECT TOP 200 * FROM dbo."T-COMPANY"</sql><sql date="1536793073338" url="jdbc:sqlserver://cpp.database.windows.net\Cleveland:1433;databaseName=CPP_DATA5_Replica">SELECT TOP 100 * FROM dbo."T-HISTORY JOURNAL"</sql><sql date="1536944394420" url="jdbc:sqlserver://cpp.database.windows.net\Cleveland:1433;databaseName=CPP_DATA5_Replica">SELECT TOP 100 * FROM dbo."T-DIVISION"</sql><sql date="1536956992893" url="jdbc:sqlserver://cpp.database.windows.net\Cleveland:1433;databaseName=CPP_DATA5_Replica">SELECT TOP 200 * FROM dbo."T-DISCOUNT"</sql><sql date="1536947951455" url="jdbc:sqlserver://cpp.database.windows.net\Cleveland:1433;databaseName=CPP_DATA5_Replica">SELECT TOP 100 * FROM dbo."T-CUSTOMER REVIEW"</sql><sql date="1537202882775" url="jdbc:sqlserver://cpp.database.windows.net\Cleveland:1433;databaseName=CPP_DATA5_Replica">SELECT TOP 200 * FROM dbo."T-TYPE"</sql><sql date="1537196322603" url="jdbc:sqlserver://cpp.database.windows.net\Cleveland:1433;databaseName=CPP_DATA5_Replica">SELECT TOP 200 * FROM dbo."T-AUTH"</sql><sql date="1537203385404" url="jdbc:sqlserver://cpp.database.windows.net\Cleveland:1433;databaseName=CPP_DATA5_Replica">SELECT TOP 200 * FROM dbo."T-MOTORFUEL TAX"</sql><sql date="1537197231768" url="jdbc:sqlserver://cpp.database.windows.net\Cleveland:1433;databaseName=CPP_DATA5_Replica">SELECT TOP 200 * FROM dbo."T-PAYMENT MASTER"</sql><sql date="1537204277776" url="jdbc:sqlserver://cpp.database.windows.net\Cleveland:1433;databaseName=CPP_DATA5_Replica">SELECT TOP 200 * FROM dbo."T-UVC MASTER"</sql><sql date="1536792210893" url="jdbc:sqlserver://cpp.database.windows.net\Cleveland:1433;databaseName=CPP_DATA5_Replica">SELECT TOP 100 * FROM dbo."T-STATE"</sql><sql date="1532984823744" url="jdbc:sqlserver://cpp.database.windows.net\Cleveland:1433;databaseName=CPP_DATA5_Replica">SELECT TOP 100 * FROM dbo."T-AUTH"</sql><sql date="1537206991302" url="jdbc:sqlserver://cpp.database.windows.net\Cleveland:1433;databaseName=CPP_DATA5_Replica">SELECT TOP 200 * FROM dbo."T-COUNTY TAX"</sql><sql date="1532984837917" url="jdbc:sqlserver://cpp.database.windows.net\Cleveland:1433;databaseName=CPP_DATA5_Replica">SELECT TOP 100 * FROM dbo."T-CODES"</sql><sql date="1533142998175" url="jdbc:sqlserver://cpp.database.windows.net\Cleveland:1433;databaseName=CPP_DATA5_Replica">SHOW databases</sql><sql date="1537206319329" url="jdbc:sqlserver://cpp.database.windows.net\Cleveland:1433;databaseName=CPP_DATA5_Replica">SELECT TOP 200 * FROM dbo."T-STATE"</sql><sql date="1532984774655" url="jdbc:sqlserver://cpp.database.windows.net\Cleveland:1433;databaseName=CPP_DATA5_Replica">SELECT TOP 100 * FROM dbo."T-AUDIT"</sql><sql date="1537202888535" url="jdbc:sqlserver://cpp.database.windows.net\Cleveland:1433;databaseName=CPP_DATA5_Replica">SELECT TOP 200 * FROM dbo."T-MENU ITEMS"</sql><sql date="1538171659026" url="jdbc:sqlserver://cpp.database.windows.net\Cleveland:1433;databaseName=CPP_DATA5_Replica">SELECT TOP 2000 * FROM dbo."T-COUNTY TAX"</sql><sql date="1536949659548" url="jdbc:sqlserver://cpp.database.windows.net\Cleveland:1433;databaseName=CPP_DATA5_Replica">SELECT TOP 100 * FROM dbo."T-TANK MASTER"</sql><sql date="1537204236224" url="jdbc:sqlserver://cpp.database.windows.net\Cleveland:1433;databaseName=CPP_DATA5_Replica">SELECT TOP 200 * FROM dbo."T-MANUAL"</sql><sql date="1538171163601" url="jdbc:sqlserver://cpp.database.windows.net\Cleveland:1433;databaseName=CPP_DATA5_Replica">SELECT TOP 200 * FROM dbo."T-CITY TAX"</sql><sql date="1536949614053" url="jdbc:sqlserver://cpp.database.windows.net\Cleveland:1433;databaseName=CPP_DATA5_Replica">SELECT TOP 100 * FROM dbo."T-CUSTOMER MASTER"</sql><sql date="1536942229137" url="jdbc:sqlserver://cpp.database.windows.net\Cleveland:1433;databaseName=CPP_DATA5_Replica">SELECT TOP 100 * FROM dbo."T-LOGIN"</sql><sql date="1538171419724" url="jdbc:sqlserver://cpp.database.windows.net\Cleveland:1433;databaseName=CPP_DATA5_Replica">SELECT TOP 2000 * FROM dbo."T-CITY TAX"</sql><sql date="1532984818243" url="jdbc:sqlserver://cpp.database.windows.net\Cleveland:1433;databaseName=CPP_DATA5_Replica">SELECT TOP 100 * FROM dbo."T-CITY TAX"</sql><sql date="1537381885553" url="jdbc:sqlserver://cpp.database.windows.net\Cleveland:1433;databaseName=CPP_DATA5_Replica">SELECT TOP 200 * FROM dbo."T-DIVISION"</sql><sql date="1536948397575" url="jdbc:sqlserver://cpp.database.windows.net\Cleveland:1433;databaseName=CPP_DATA5_Replica">SELECT TOP 100 * FROM dbo."T-PREPAID MASTER"</sql><sql date="1537197251365" url="jdbc:sqlserver://cpp.database.windows.net\Cleveland:1433;databaseName=CPP_DATA5_Replica">SELECT TOP 200 * FROM dbo."T-PAYMENT TYPE"</sql><sql date="1536793417540" url="jdbc:sqlserver://cpp.database.windows.net\Cleveland:1433;databaseName=CPP_DATA5_Replica">SELECT TOP 100 * FROM dbo."T-MOTORFUEL TAX"</sql><sql date="1538170864557" url="jdbc:sqlserver://cpp.database.windows.net\Cleveland:1433;databaseName=CPP_DATA5_Replica">SELECT * FROM dbo."T-STATE TAX"</sql><sql date="1536944418161" url="jdbc:sqlserver://cpp.database.windows.net\Cleveland:1433;databaseName=CPP_DATA5_Replica">SELECT TOP 100 * FROM dbo."T-LOCATION"</sql><sql date="1537199209985" url="jdbc:sqlserver://cpp.database.windows.net\Cleveland:1433;databaseName=CPP_DATA5_Replica">SELECT TOP 200 * FROM dbo."T-INVENTORY MASTER"</sql><sql date="1538171300493" url="jdbc:sqlserver://cpp.database.windows.net\Cleveland:1433;databaseName=CPP_DATA5_Replica">SELECT "CITY CODE" as name, "CITY TAX RATE" as rate FROM dbo."T-CITY TAX"</sql><sql date="1532984873148" url="jdbc:sqlserver://cpp.database.windows.net\Cleveland:1433;databaseName=CPP_DATA5_Replica">SELECT TOP 100 * FROM dbo."T-PAYMENT MASTER"</sql><sql date="1537202928716" url="jdbc:sqlserver://cpp.database.windows.net\Cleveland:1433;databaseName=CPP_DATA5_Replica">SELECT TOP 200 * FROM dbo."T-ORDER ITEMS"</sql><sql date="1536793428473" url="jdbc:sqlserver://cpp.database.windows.net\Cleveland:1433;databaseName=CPP_DATA5_Replica">SELECT TOP 100 * FROM dbo."T-ORDER TAXES"</sql><sql date="1536948372287" url="jdbc:sqlserver://cpp.database.windows.net\Cleveland:1433;databaseName=CPP_DATA5_Replica">SELECT TOP 100 * FROM dbo."T-UVC MASTER"</sql><sql date="1538171249052" url="jdbc:sqlserver://cpp.database.windows.net\Cleveland:1433;databaseName=CPP_DATA5_Replica">SELECT * FROM dbo."T-CITY TAX"</sql><sql date="1536792363957" url="jdbc:sqlserver://cpp.database.windows.net\Cleveland:1433;databaseName=CPP_DATA5_Replica">SELECT TOP 100 * FROM dbo."T-STATEMENT MESSAGE"</sql><sql date="1537199589273" url="jdbc:sqlserver://cpp.database.windows.net\Cleveland:1433;databaseName=CPP_DATA5_Replica">SELECT TOP 200 * FROM dbo."T-COLLECTIONS"</sql><sql date="1537204292483" url="jdbc:sqlserver://cpp.database.windows.net\Cleveland:1433;databaseName=CPP_DATA5_Replica">SELECT TOP 200 * FROM dbo."T-PRICES"</sql><sql date="1536945199738" url="jdbc:sqlserver://cpp.database.windows.net\Cleveland:1433;databaseName=CPP_DATA5_Replica">SELECT TOP 100 * FROM dbo."T-COMPANY"</sql><sql date="1536793086918" url="jdbc:sqlserver://cpp.database.windows.net\Cleveland:1433;databaseName=CPP_DATA5_Replica">SELECT TOP 100 * FROM dbo."T-MENU ITEMS"</sql><sql date="1533142899152" url="jdbc:sqlserver://cpp.database.windows.net\Cleveland:1433;databaseName=CPP_DATA5_Replica">ADD USER cppazadmin TO DATABASE CPP_APP</sql><sql date="1536793423702" url="jdbc:sqlserver://cpp.database.windows.net\Cleveland:1433;databaseName=CPP_DATA5_Replica">SELECT TOP 100 * FROM dbo."T-ORDER ITEMS"</sql><sql date="1536793426290" url="jdbc:sqlserver://cpp.database.windows.net\Cleveland:1433;databaseName=CPP_DATA5_Replica">SELECT TOP 100 * FROM dbo."T-ORDER REVIEW"</sql><sql date="1537202968836" url="jdbc:sqlserver://cpp.database.windows.net\Cleveland:1433;databaseName=CPP_DATA5_Replica">SELECT TOP 200 * FROM dbo."TAX GROUP"</sql><sql date="1537905427885" url="jdbc:sqlserver://cpp.database.windows.net\Cleveland:1433;databaseName=CPP_DATA5_Replica">SELECT TOP 200 * FROM dbo."T-STATUS"</sql><sql date="1536947930886" url="jdbc:sqlserver://cpp.database.windows.net\Cleveland:1433;databaseName=CPP_DATA5_Replica">SELECT TOP 100 * FROM dbo."T-DATE MASTER"</sql><sql date="1537198994948" url="jdbc:sqlserver://cpp.database.windows.net\Cleveland:1433;databaseName=CPP_DATA5_Replica">SELECT TOP 200 * FROM dbo."T-CUSTOMER MASTER"</sql><sql date="1536793432206" url="jdbc:sqlserver://cpp.database.windows.net\Cleveland:1433;databaseName=CPP_DATA5_Replica">SELECT TOP 100 * FROM dbo."T-ORDERS"</sql><sql date="1537204290874" url="jdbc:sqlserver://cpp.database.windows.net\Cleveland:1433;databaseName=CPP_DATA5_Replica">SELECT TOP 200 * FROM dbo."T-PRICE ITEM"</sql><sql date="1532984801367" url="jdbc:sqlserver://cpp.database.windows.net\Cleveland:1433;databaseName=CPP_DATA5_Replica">SELECT TOP 100 * FROM dbo."T-COLLECTIONS"</sql><sql date="1533142690408" url="jdbc:sqlserver://cpp.database.windows.net\Cleveland:1433;databaseName=CPP_DATA5_Replica">CREATE DATABASE `CPP_APP`</sql><sql date="1533142790229" url="jdbc:sqlserver://cpp.database.windows.net\Cleveland:1433;databaseName=CPP_DATA5_Replica">CREATE DATABASE CPP_APP</sql><sql date="1538171469309" url="jdbc:sqlserver://cpp.database.windows.net\Cleveland:1433;databaseName=CPP_DATA5_Replica">SELECT "CITY CODE" as city_code, "CITY NAME" as name, "StateID" as state_id, "CITY TAX RATE" as rate FROM dbo."T-CITY TAX"</sql><sql date="1537202942542" url="jdbc:sqlserver://cpp.database.windows.net\Cleveland:1433;databaseName=CPP_DATA5_Replica">SELECT TOP 200 * FROM dbo."T-PRICE CODE"</sql><sql date="1536791970771" url="jdbc:sqlserver://cpp.database.windows.net\Cleveland:1433;databaseName=CPP_DATA5_Replica">SELECT TOP 100 * FROM dbo."T-DISCOUNT"</sql><sql date="1536793410615" url="jdbc:sqlserver://cpp.database.windows.net\Cleveland:1433;databaseName=CPP_DATA5_Replica">SELECT TOP 100 * FROM dbo."T-MANUAL"</sql></history>